offset,bars_processed,chunks_formed,unique_patterns,actual_total_change,pattern_sum,verification_diff
0,3349,669,32,11.2700,11.2200,0.050000
1,3348,669,32,11.7700,11.8000,0.030000
2,3347,669,32,11.6400,11.6673,0.027300
3,3346,669,32,11.8100,11.8000,0.010000
4,3345,669,32,11.8700,11.8700,0.000000
