{
  "offset": 1,
  "total_baskets": 7717,
  "remainder_bars": 0,
  "total_contiguous_change": 25.57000000000005,
  "remainder_change": 0.0,
  "accounted_total_change": 25.57000000000005,
  "actual_total_change": 25.57000000000005,
  "change_discrepancy": 0.0,
  "total_contiguous_time": 39033.0,
  "remainder_time": 0.0,
  "accounted_total_time": 39033.0,
  "actual_total_time": 58559.0,
  "time_discrepancy": 19526.0,
  "mathematical_consistency": {
    "change_matches": true,
    "time_matches": false
  },
  "pattern_type_breakdown": {
    "NPN": {
      "count": 858,
      "total_change": -94.64040000000102,
      "total_time": 6259.0,
      "avg_change": -0.11030349650349769,
      "avg_duration": 7.294871794871795,
      "change_std": 0.22723047942632374,
      "duration_std": 116.93866260934556
    },
    "NNP": {
      "count": 821,
      "total_change": -72.91279999999836,
      "total_time": 3341.0,
      "avg_change": -0.08880974421437071,
      "avg_duration": 4.069427527405603,
      "change_std": 0.17284960795328974,
      "duration_std": 29.064861788432427
    },
    "PNN": {
      "count": 805,
      "total_change": -71.38129999999933,
      "total_time": 2378.0,
      "avg_change": -0.08867242236024761,
      "avg_duration": 2.9540372670807455,
      "change_std": 0.22134060728212615,
      "duration_std": 16.9316235194627
    },
    "NPP": {
      "count": 879,
      "total_change": 82.73459999999989,
      "total_time": 6309.0,
      "avg_change": 0.09412354948805447,
      "avg_duration": 7.177474402730375,
      "change_std": 0.20745469574790348,
      "duration_std": 115.50746871425643
    },
    "PNP": {
      "count": 853,
      "total_change": 79.48760000000141,
      "total_time": 1942.0,
      "avg_change": 0.09318593200469098,
      "avg_duration": 2.2766705744431417,
      "change_std": 0.19899096809251426,
      "duration_std": 1.0126432536879149
    },
    "PPP": {
      "count": 822,
      "total_change": 233.95583599999986,
      "total_time": 6685.0,
      "avg_change": 0.2846178053527979,
      "avg_duration": 8.132603406326034,
      "change_std": 0.3130644975312172,
      "duration_std": 120.61482069414672
    },
    "NNN": {
      "count": 747,
      "total_change": -215.1703360000015,
      "total_time": 5995.0,
      "avg_change": -0.2880459651941118,
      "avg_duration": 8.025435073627845,
      "change_std": 0.28634095031416584,
      "duration_std": 125.27910749500006
    },
    "PPN": {
      "count": 793,
      "total_change": 72.37380000000076,
      "total_time": 2804.0,
      "avg_change": 0.09126582597730235,
      "avg_duration": 3.5359394703656997,
      "change_std": 0.16797380209130347,
      "duration_std": 24.096831397218924
    },
    "POO": {
      "count": 23,
      "total_change": 1.2959999999999354,
      "total_time": 66.0,
      "avg_change": 0.05634782608695371,
      "avg_duration": 2.869565217391304,
      "change_std": 0.04673199136580756,
      "duration_std": 1.4833671399332156
    },
    "PPO": {
      "count": 92,
      "total_change": 10.381499999999392,
      "total_time": 241.0,
      "avg_change": 0.11284239130434122,
      "avg_duration": 2.619565217391304,
      "change_std": 0.0770662564089531,
      "duration_std": 1.5522941738821383
    },
    "NPO": {
      "count": 98,
      "total_change": -3.502899999999272,
      "total_time": 248.0,
      "avg_change": -0.03574387755101298,
      "avg_duration": 2.5306122448979593,
      "change_std": 0.28757483890757707,
      "duration_std": 1.0804768564856364
    },
    "OON": {
      "count": 18,
      "total_change": -1.8563999999997804,
      "total_time": 45.0,
      "avg_change": -0.10313333333332114,
      "avg_duration": 2.5,
      "change_std": 0.27186654814447203,
      "duration_std": 1.0137937550497031
    },
    "NNO": {
      "count": 75,
      "total_change": -9.845799999999258,
      "total_time": 184.0,
      "avg_change": -0.13127733333332345,
      "avg_duration": 2.453333333333333,
      "change_std": 0.10615257393436095,
      "duration_std": 1.0990096551997266
    },
    "POP": {
      "count": 91,
      "total_change": 11.746399999999994,
      "total_time": 222.0,
      "avg_change": 0.1290813186813186,
      "avg_duration": 2.4395604395604398,
      "change_std": 0.11149272376799216,
      "duration_std": 1.0608807372437072
    },
    "ONP": {
      "count": 69,
      "total_change": 1.0024999999998272,
      "total_time": 177.0,
      "avg_change": 0.014528985507243873,
      "avg_duration": 2.5652173913043477,
      "change_std": 0.1236106839590532,
      "duration_std": 1.1354404223652692
    },
    "NOP": {
      "count": 80,
      "total_change": 5.8261000000004515,
      "total_time": 188.0,
      "avg_change": 0.07282625000000564,
      "avg_duration": 2.35,
      "change_std": 0.5002226273729965,
      "duration_std": 0.8529361054615991
    },
    "OPP": {
      "count": 90,
      "total_change": 12.838799999999196,
      "total_time": 225.0,
      "avg_change": 0.1426533333333244,
      "avg_duration": 2.5,
      "change_std": 0.11669827305205774,
      "duration_std": 1.5
    },
    "PON": {
      "count": 90,
      "total_change": -0.17700000000002092,
      "total_time": 217.0,
      "avg_change": -0.001966666666666899,
      "avg_duration": 2.411111111111111,
      "change_std": 0.09210984867115093,
      "duration_std": 0.976324677831719
    },
    "OOO": {
      "count": 12,
      "total_change": -9.999999997489795e-05,
      "total_time": 33.0,
      "avg_change": -8.333333331241496e-06,
      "avg_duration": 2.75,
      "change_std": 2.763853991269049e-05,
      "duration_std": 1.299038105676658
    },
    "PNO": {
      "count": 99,
      "total_change": 1.7072999999998046,
      "total_time": 264.0,
      "avg_change": 0.017245454545452572,
      "avg_duration": 2.6666666666666665,
      "change_std": 0.07697241309929763,
      "duration_std": 1.399855692418315
    },
    "OPO": {
      "count": 24,
      "total_change": 1.0799999999999272,
      "total_time": 62.0,
      "avg_change": 0.044999999999996966,
      "avg_duration": 2.5833333333333335,
      "change_std": 0.03627213117532048,
      "duration_std": 0.9090593428863095
    },
    "OPN": {
      "count": 81,
      "total_change": 0.2617000000002463,
      "total_time": 179.0,
      "avg_change": 0.003230864197533905,
      "avg_duration": 2.2098765432098766,
      "change_std": 0.07914526204512781,
      "duration_std": 0.6613874190606852
    },
    "NON": {
      "count": 85,
      "total_change": -10.893600000001243,
      "total_time": 696.0,
      "avg_change": -0.12816000000001462,
      "avg_duration": 8.188235294117646,
      "change_std": 0.09381538215778489,
      "duration_std": 51.720173357984116
    },
    "ONN": {
      "count": 70,
      "total_change": -8.447900000000914,
      "total_time": 177.0,
      "avg_change": -0.12068428571429876,
      "avg_duration": 2.5285714285714285,
      "change_std": 0.07870545930549859,
      "duration_std": 0.8899667501241442
    },
    "NOO": {
      "count": 13,
      "total_change": -0.5039000000000442,
      "total_time": 33.0,
      "avg_change": -0.03876153846154186,
      "avg_duration": 2.5384615384615383,
      "change_std": 0.03513936075905867,
      "duration_std": 0.49851851526214314
    },
    "ONO": {
      "count": 14,
      "total_change": -0.36989999999991596,
      "total_time": 31.0,
      "avg_change": -0.02642142857142257,
      "avg_duration": 2.2142857142857144,
      "change_std": 0.022873446194581315,
      "duration_std": 0.5578749768504754
    },
    "OOP": {
      "count": 15,
      "total_change": 0.5801999999999907,
      "total_time": 32.0,
      "avg_change": 0.03867999999999938,
      "avg_duration": 2.1333333333333333,
      "change_std": 0.03241798266393834,
      "duration_std": 0.4988876515698589
    }
  }
}